sample ID,depth cm,age cal yrs BP,volume cc,total spike,counted spike,total pollen count,Pandanus echinate,Casuarinaceae,Lith Cast,Poaceae,Phyllocladus,Psilate monolete,Trilete others,Monolete others,Dacrydium,Urt Mor,Celtis Aphananthe,Cyperaceae,Mac Mall,Macaranga,Trema/ Parasponia,Polypodiaceae Davalliaceae type,Engelhardia rigida/serrata,Stemonurus celebicus,Arecaceae other,Unk LL8,Gironniera subaequalis,Acalypha,Podocarpus,Calamus,Weinmannia Caldcluvia prol,Agathis,Weinmannia Caldcluvia squat,Myrtaceae g17,Tetrameles,Myrtaceae -  Syzygium type,Garciniap164ii,Sapotaceae subprolate,Cyathea type,Vatica rassak flavovirens small,Vatica rassak flavovirens big,Saurauia,Elaeocarpus,Chionanthus cf,Erythrospermum/Casearia cf  LL23 LL15,Dipterocarpaceae g25,Santiria,Macadamia erect hildebrandii,Selaginella,type p219 p212,Dipterocarpaceae l22,Rapanea,type 93,Brassicaceae grouped,Nauclea Wendlandia types,Ficus,Pterospermum cf,Dacrycarpus,Comb Mel group,Calophyllum,Ilex,Canarium,Mallotus LL22,Gnetum gnemon,Gynostemma,Pteris Trilete A177 s58 s46,Elaeagnes triflora,type LL27 Sterculiaceae,Oncosperma,type LL19,Ulmus lanceifolia,Pandanus psilate,Hydrocotyle,Stenochlaena,Sapotaceae others,Lycopodium s57,Restionaceae,Adenanthera,Rutaceae type 2 LL21,Zizyphus Nephelium type,Sauropus,Dillenia,Rutaceae type 1,type LL2,c3p0 ret prol,Baccaurea,Haloragaceae other,Trichospermum cf,Ericaceae reticulate,Rotala cf,Myriophyllum,Haloragis micrantha,Solanaceae,Rhizophoraceae 160iii,Nothofagus,p401ii,Asteraceae tub.,Antidesma,Sapium Rutaceae,Begonia,Rhizophoraceae p161,Sterculia foetida,Helicteres,Meliacae,Madhuca type,Cupaniopsis,Ericaceae psilate,Strychnos,Loranthaceae,type LL4 p535,type p377,type LL18,type LL25,Utricularia,Eriocaulon,Drosera,Liliaceae,Mallotus p369,Dipterocarpus verrucosus,Acacia Albizia,Prunus javanica cf,Randia cf,Lophopetalum javanica torricellense,Crypteronia / Astronia,type 69,type LL5,type LL10,type LL11,type LL24,Lamiaceae sf p72,Caryophyllaceae,Plantago,Burmannia cf,Quercus,Blumeodendron endocarpum tokbrai,Hopea gregaria,Shorea teysmanniana,Mimosa,Ardisia type,Verbenaceae p403,Rhus type,Diospyros,Duabanga moluccana,Drimys,Schisandraceaa Kadsura,type p179,p507,type LL1,type LL3,unknown type p396ii,type p305ii,type LL20 C2P2,type P115ii,type LL30,Gonocaryum,l8um c3p3 ret
1,1,-59,0.395951,23840,315,426,1,30,21,8,29,41,15,61,39,8,7,3,3,6,7,14,11,3,2,3,4,1,12,10,2,6,2,2,3,0,2,11,4,3,4,2,1,0,1,1,0,1,4,1,4,1,0,0,1,1,0,1,1,1,0,0,0,0,0,0,0,0,0,0,0,0,0,2,0,2,0,1,0,0,0,0,1,0,1,1,0,0,0,0,0,0,0,1,0,0,0,0,0,0,0,0,1,0,0,0,0,0,0,0,0,0,0,0,0,0,0,0,0,0,0,1,0,0,0,0,0,0,0,0,1,1,0,0,0,0,0,0,0,0,0,0,0,0,0,0,0,0,0,0,0,0,0,0,0,0
18,18.5,1167.2,0.381282,23840,127,342,28,24,4,13,17,24,30,31,0,8,5,4,8,11,5,9,8,2,3,2,8,4,5,5,1,2,1,1,3,3,10,2,0,7,7,2,1,0,1,3,0,3,2,0,1,3,0,0,0,0,1,0,0,4,0,1,0,2,1,0,0,0,0,1,0,0,0,1,0,0,1,0,0,2,0,0,0,0,1,0,0,0,0,0,0,0,0,1,0,0,0,0,0,0,0,0,1,0,0,1,0,0,0,0,0,0,0,0,0,0,0,1,0,0,0,0,0,0,0,0,0,0,0,0,0,0,0,0,0,0,0,0,0,0,0,0,0,0,0,0,0,0,0,0,0,0,0,0,1,0
32,32.5,2079.8,0.328875,23840,108,370,31,23,18,19,15,26,30,37,21,5,5,4,1,8,11,7,3,2,4,2,8,6,4,6,1,10,3,2,1,0,10,2,0,0,1,0,1,0,4,0,2,0,3,1,1,2,0,0,0,1,0,0,1,2,1,2,0,0,0,0,0,1,0,1,0,0,0,1,0,0,1,0,0,0,0,0,0,0,0,1,0,0,0,0,0,0,0,2,0,0,0,0,0,0,0,0,0,0,0,0,0,0,0,0,0,0,0,0,0,0,0,0,0,0,0,0,0,1,0,0,0,0,0,0,0,0,0,0,0,0,0,0,0,0,0,0,0,0,0,0,0,0,0,0,0,0,0,1,0,1
48,48.5,3129.3,0.328875,23840,392,333,37,18,32,13,21,8,13,15,11,5,3,2,7,11,5,3,3,5,5,5,3,4,2,3,3,1,12,0,5,3,2,2,1,2,9,2,3,1,10,2,0,0,0,1,0,3,0,0,0,2,1,0,1,1,1,0,3,0,2,1,3,3,1,1,0,0,0,1,1,1,0,0,0,1,0,0,0,0,0,0,0,0,0,0,0,0,0,0,0,0,0,0,1,0,0,0,0,1,0,0,2,0,0,0,0,0,0,0,0,0,0,0,0,0,0,0,0,0,0,0,0,0,0,0,0,0,0,0,0,0,0,0,0,0,0,0,0,0,0,0,0,0,0,0,0,0,0,0,0,0
63,63.5,3577.3,0.331727,23840,288,502,129,18,37,17,41,22,11,6,19,6,7,3,6,8,2,5,8,12,6,4,4,1,7,4,3,6,9,6,0,4,9,1,1,1,6,1,4,0,5,0,3,1,0,3,2,2,3,0,1,0,2,0,1,2,1,1,4,2,1,0,4,0,0,2,0,1,0,2,2,0,0,0,0,1,0,1,0,0,0,0,0,0,0,0,0,0,0,0,0,0,0,0,0,2,0,0,0,0,0,1,0,0,1,0,0,0,0,0,0,0,0,0,0,0,0,0,0,0,0,0,0,0,0,0,0,0,0,0,0,0,1,0,0,0,0,0,0,0,0,0,0,0,0,0,0,0,0,0,1,0
72,72.5,3852,0.393265,23840,355,296,32,13,52,6,23,11,8,7,9,2,0,2,4,3,0,4,5,2,6,4,8,0,0,5,0,3,15,0,1,4,0,6,1,1,0,1,0,0,0,1,2,1,0,3,1,0,1,2,1,3,0,0,0,0,2,0,0,0,2,3,2,2,0,0,0,1,0,2,1,0,0,0,2,0,0,0,0,0,0,0,0,0,0,0,0,0,0,0,0,0,0,0,1,0,1,0,0,0,0,0,0,0,0,0,0,0,0,0,0,0,0,0,0,0,0,0,0,0,0,0,0,0,0,0,0,0,0,0,0,0,0,0,0,0,0,0,0,0,0,0,0,0,0,0,0,0,0,0,0,0
100,100.5,4642,0.385374,23840,205,272,30,19,31,11,26,12,6,10,9,2,6,1,2,6,2,11,4,6,3,5,4,0,2,3,1,3,2,1,0,2,4,3,5,2,1,0,0,0,0,3,0,2,2,1,1,0,0,0,1,0,0,0,1,0,0,1,0,1,0,0,1,3,1,0,0,0,0,0,0,1,0,1,1,0,1,1,0,1,0,0,0,0,0,0,0,0,0,0,0,0,0,0,0,1,0,0,0,1,0,0,0,0,0,0,0,0,0,0,0,0,0,0,0,0,0,0,0,0,0,0,0,0,0,0,0,0,0,0,0,0,0,0,0,0,0,0,0,0,0,0,0,0,0,0,0,0,0,0,0,0
116,116.5,5086.6,0.381498,23840,194,247,2,12,22,8,29,12,2,8,22,0,3,3,4,5,4,5,9,4,3,5,4,2,2,3,0,1,8,2,2,2,5,2,1,0,4,1,1,1,0,0,0,2,2,1,1,1,1,0,1,0,0,0,0,1,1,2,1,1,1,0,2,3,3,0,0,3,0,1,0,0,0,0,0,1,1,0,0,0,0,0,0,0,2,0,0,0,0,0,0,0,0,0,0,0,0,0,0,0,0,0,0,2,0,0,0,0,0,0,0,0,0,0,0,1,0,0,1,0,0,0,0,0,0,0,0,0,0,0,0,0,0,0,0,0,0,0,0,0,0,0,0,0,0,0,0,0,0,0,0,0
134,134.5,5627.2,0.403073,23840,173,359,73,8,36,6,41,5,10,9,8,6,1,0,5,1,2,0,5,11,4,8,5,4,2,3,9,2,3,4,4,9,8,1,2,1,0,1,2,4,0,0,1,2,1,2,0,3,3,1,0,4,0,1,0,1,0,2,5,2,2,0,3,1,2,3,0,3,1,0,0,0,0,0,1,0,1,0,0,0,0,0,0,0,0,0,0,0,0,0,1,0,0,0,0,0,0,0,0,1,0,0,1,0,1,0,0,0,0,0,0,0,0,1,0,0,0,0,1,0,0,0,0,0,0,0,0,0,0,0,0,0,0,0,0,0,0,0,0,0,0,0,0,0,0,0,0,0,0,0,0,0
148,148.5,5978.5,0.403073,23840,290,372,34,13,49,14,50,16,9,9,14,4,8,3,8,4,2,7,6,11,4,6,2,2,2,9,1,0,2,6,0,1,2,5,0,1,8,0,1,4,1,0,0,1,2,3,0,3,3,3,0,1,1,0,0,0,2,0,0,0,2,1,0,0,0,1,0,1,0,0,0,0,0,0,2,0,0,0,0,1,0,0,0,0,0,0,0,0,0,0,0,0,0,0,0,0,0,0,0,0,0,0,0,0,0,0,0,0,3,0,0,0,1,0,0,0,0,0,0,0,2,0,0,0,2,0,0,0,0,0,0,0,0,0,0,0,0,0,0,0,0,0,0,0,0,0,0,0,0,0,0,0
164,164.5,6483.4,0.40768,23840,182,304,21,11,24,7,43,11,10,11,14,5,5,0,1,3,1,2,10,13,2,4,4,1,0,6,3,6,4,6,1,1,3,1,2,3,5,2,2,3,4,0,2,2,1,2,2,1,0,1,0,0,1,0,0,1,2,2,5,0,0,1,0,2,0,3,0,1,1,0,1,0,1,0,1,0,1,0,0,0,0,0,0,0,1,0,0,0,0,0,0,0,0,1,0,0,0,0,0,0,0,0,0,0,0,0,0,0,0,0,1,0,0,0,0,0,0,1,0,0,0,0,0,0,0,0,0,0,0,0,0,0,0,0,0,0,0,0,0,1,0,0,0,0,0,0,0,0,0,0,0,0
200,200.5,7545.3,0.407604,23840,296,335,17,12,39,8,63,26,10,11,13,7,2,2,3,3,3,7,7,8,4,6,4,4,3,8,2,4,1,2,0,0,0,0,2,2,0,0,0,5,0,2,1,2,1,1,3,3,1,0,0,0,0,0,2,0,1,0,0,0,0,0,0,0,0,1,0,0,0,0,0,0,0,0,2,1,1,0,1,0,0,3,0,0,0,1,1,1,1,0,0,0,0,0,0,0,0,0,0,0,0,0,0,0,0,0,0,0,0,0,0,0,0,0,0,0,0,0,0,0,0,0,0,0,0,0,0,0,0,1,0,0,0,0,0,0,0,0,1,0,0,0,0,0,0,0,0,0,1,0,0,0
216,216.5,8035.6,0.3953655,0,0,207,17,5,29,4,24,11,4,11,1,3,6,1,3,7,4,5,2,6,7,8,0,1,0,6,12,2,0,6,2,2,0,1,1,0,0,1,1,1,0,0,0,1,2,0,0,0,1,0,0,0,0,0,0,0,1,0,0,0,0,1,0,0,0,0,0,0,0,0,1,0,1,2,0,0,1,0,0,0,0,0,0,0,0,0,0,0,1,0,0,0,0,0,0,0,0,0,0,0,0,0,0,0,0,0,0,0,0,0,0,0,0,0,1,0,0,0,0,0,0,0,0,0,0,0,0,0,0,0,0,0,0,0,0,0,0,0,0,0,0,0,0,0,0,0,0,0,0,0,0,0
232,232.5,8497,0.383127,23840,120,238,45,3,36,4,2,9,4,4,9,6,7,1,8,7,9,1,1,14,3,6,2,3,0,1,0,0,0,8,3,1,1,1,1,3,0,3,1,1,0,0,0,0,0,1,1,0,1,0,0,1,3,0,1,0,0,0,0,2,0,0,0,0,1,0,1,0,0,0,0,0,0,0,0,0,0,0,0,0,0,0,0,0,1,0,1,0,0,1,1,0,0,0,0,0,0,0,0,0,0,0,0,0,0,0,0,1,0,0,1,0,0,0,0,0,0,0,0,0,0,0,0,0,0,0,0,0,0,0,0,0,0,0,0,0,1,0,0,0,0,0,0,0,0,0,0,1,0,0,0,0
264,264.5,9614.8,0.572329,23840,109,331,55,13,21,12,5,15,39,13,23,15,5,7,3,5,4,1,2,9,6,1,8,3,1,0,8,0,3,2,1,1,0,0,0,0,0,5,2,0,0,1,0,0,0,0,0,0,1,0,0,1,3,0,4,1,0,0,0,0,0,1,0,0,0,0,0,0,0,0,0,0,0,2,0,0,0,1,0,0,1,0,0,0,0,0,0,0,0,0,0,0,0,0,0,0,0,0,0,0,0,1,0,0,0,0,0,0,0,0,0,0,0,0,0,0,0,0,0,0,0,0,1,1,0,0,0,0,0,0,0,1,0,0,0,1,0,0,0,0,0,0,0,0,0,0,0,0,0,0,0,0
300,300.5,10934.7,0.476679,23840,187,384,46,16,36,15,10,25,25,25,22,1,4,4,7,8,2,7,10,13,2,12,2,1,1,9,5,0,0,4,0,1,2,3,2,8,5,1,0,0,3,2,0,2,2,1,1,1,3,0,6,0,2,1,0,1,0,1,0,1,1,3,0,0,0,0,0,0,0,0,0,0,1,0,0,0,1,0,0,0,0,1,0,0,0,0,0,0,0,0,0,0,0,0,0,0,0,0,0,0,0,0,0,0,0,0,0,0,0,0,0,2,0,0,1,0,0,0,0,0,0,0,0,0,0,0,0,0,1,0,1,0,0,0,1,0,0,0,0,0,0,0,0,0,0,0,0,0,0,0,0,0
316,316.5,11519.3,0.483816,23840,130,250,44,19,18,15,3,8,11,13,6,11,10,6,4,3,3,5,1,0,1,0,0,2,3,0,3,3,0,4,5,5,0,1,1,1,0,2,3,1,0,1,2,0,1,0,1,0,0,0,0,0,0,1,0,0,0,0,0,0,0,0,0,0,4,0,1,0,1,0,1,0,0,0,0,1,0,0,0,0,1,0,0,0,0,1,0,0,0,0,0,0,0,0,0,0,0,0,1,0,0,0,0,0,0,0,0,0,0,0,0,0,0,0,0,0,0,0,0,1,0,0,0,0,0,0,0,0,0,0,0,0,0,0,0,0,0,0,0,0,0,0,0,0,0,0,0,0,0,0,0,0
332,332.5,11734.2,0.549331,23840,89,243,50,20,12,19,0,11,17,11,12,7,4,5,3,1,5,1,1,0,2,2,10,3,2,1,2,5,2,1,0,2,1,0,1,1,0,3,0,1,0,1,1,0,0,0,0,0,0,2,0,0,1,1,0,0,1,0,0,2,0,1,0,0,0,0,0,0,0,0,1,0,0,0,0,0,1,0,1,0,0,0,0,0,1,0,0,0,0,0,0,0,0,0,0,0,0,0,0,0,0,0,0,0,0,0,0,1,0,0,0,0,0,0,0,0,0,0,0,0,0,0,0,0,0,0,0,0,0,0,0,0,0,0,0,0,0,0,0,0,0,0,0,0,0,0,1,0,0,0,0,0
364,364.5,12684.7,0.570322,23840,160,392,71,35,18,37,4,19,21,9,27,13,12,10,4,7,14,0,1,0,6,2,3,6,4,0,1,0,9,3,3,1,0,3,3,1,1,1,2,0,2,0,2,1,2,0,1,1,0,0,0,1,0,0,2,0,3,1,0,3,0,1,0,0,0,0,1,1,0,0,0,0,0,0,0,0,0,1,0,0,0,1,1,1,0,1,0,0,0,0,0,0,0,0,0,0,0,0,0,0,1,0,0,0,0,1,0,0,0,0,0,0,0,0,0,0,0,0,0,0,0,0,0,0,0,0,0,0,0,0,0,0,0,0,0,0,0,0,0,0,0,0,0,0,0,0,0,0,0,0,0,0
380,380.5,12985.2,0.622237,23840,131,323,38,29,15,37,1,10,15,14,13,19,8,7,5,6,8,5,0,0,8,2,0,5,1,0,5,7,1,1,4,1,0,2,4,1,0,3,1,1,1,0,0,1,1,0,0,0,1,3,1,2,1,1,1,1,0,0,0,0,1,0,0,0,2,0,2,0,1,0,0,2,1,0,0,1,0,0,0,0,2,0,0,3,0,0,0,0,0,0,1,0,0,0,0,0,0,0,0,0,0,0,0,0,0,0,0,0,0,0,0,0,1,0,0,0,0,0,0,0,0,0,1,0,0,1,0,0,0,0,0,0,0,0,0,0,0,0,0,0,0,0,0,0,0,0,0,0,0,0,0,0
400,400.5,13362.9,0.660456,23840,74,230,46,21,17,12,0,7,9,11,13,5,11,13,2,1,3,1,0,0,8,3,0,3,2,1,1,5,0,0,0,1,0,0,1,2,0,1,0,1,0,1,1,0,0,0,1,0,0,1,0,1,5,0,1,1,1,0,0,0,0,0,0,0,0,0,0,0,0,0,0,0,0,0,0,1,0,0,0,1,0,0,0,0,0,0,3,0,0,0,0,0,0,0,0,0,1,0,0,0,1,0,0,1,0,1,0,0,0,0,0,0,0,0,0,0,1,0,0,0,0,0,0,0,0,0,0,0,0,0,0,0,0,0,0,0,0,0,0,0,0,0,0,0,0,0,0,0,0,0,0,0
416,416.5,13674.1,0.625591,23840,295,538,48,70,20,67,6,28,21,12,16,17,27,33,15,7,11,7,3,0,0,3,8,4,4,0,3,10,1,1,4,1,0,3,5,5,0,1,3,4,0,2,8,3,0,0,0,2,0,2,2,3,1,2,0,2,1,0,0,0,0,1,0,0,0,0,0,1,1,0,0,1,1,0,0,0,0,0,0,0,0,0,2,2,1,1,0,0,2,0,0,0,0,0,0,0,0,0,0,0,1,0,0,0,0,0,0,0,0,0,0,0,0,0,0,0,1,0,0,0,0,0,0,1,0,0,0,0,0,0,0,0,0,1,0,0,0,0,0,0,0,0,0,0,0,0,0,0,0,0,0,0
432,432.5,13952.1,0.618478,23840,264,381,51,39,7,43,2,16,25,8,3,19,15,21,6,8,7,4,7,0,11,4,5,10,5,0,1,0,0,2,3,1,0,0,5,1,0,0,2,0,1,0,2,1,0,1,0,0,2,0,0,0,0,1,1,0,0,0,0,0,0,1,0,0,0,0,1,0,1,0,0,0,1,0,0,0,0,0,0,0,0,0,1,0,0,0,0,0,0,0,1,0,1,0,0,0,1,0,0,0,0,0,0,0,1,0,0,0,0,0,0,0,0,0,0,0,0,0,0,0,0,0,0,0,0,0,0,0,0,0,0,0,0,0,0,0,0,1,0,0,0,0,0,0,0,0,0,0,0,0,0,0
448,448.5,14177.2,0.618478,23840,84,306,60,49,9,37,2,7,11,5,9,8,8,19,8,3,4,3,3,0,7,5,5,2,1,1,2,0,0,0,0,0,0,1,3,1,0,2,1,0,0,1,0,0,0,0,0,0,0,1,0,0,0,2,1,0,0,2,0,0,0,0,0,0,0,0,1,0,0,0,0,0,0,1,0,0,0,0,1,0,1,0,0,0,0,0,0,0,0,0,0,0,0,0,2,0,0,1,0,0,0,0,0,0,0,0,0,0,0,0,0,0,0,0,0,0,0,0,0,0,0,0,0,0,0,0,0,0,0,0,0,0,0,0,0,0,0,0,0,0,0,0,1,0,0,0,0,0,0,0,0,0
464,464.5,14379.2,0.642461,23840,148,161,15,14,15,2,8,0,6,6,13,2,0,2,3,3,3,8,6,0,6,0,0,2,1,0,3,0,0,0,2,0,0,4,2,0,0,0,1,5,0,6,0,0,0,0,0,0,1,0,0,0,0,1,0,0,0,0,0,0,0,0,0,0,0,0,0,0,0,1,0,0,0,0,0,0,0,1,0,0,0,0,0,0,0,0,0,0,0,0,0,0,0,0,0,0,0,0,0,0,0,0,0,0,0,0,0,0,0,0,0,0,0,0,0,0,0,0,0,0,0,0,0,0,0,0,0,0,0,0,0,0,0,0,0,0,0,0,0,0,0,0,0,0,0,0,0,0,0,0,0,0
500,500.5,14985.3,0.747904,23840,66,279,42,33,17,28,5,4,11,6,2,10,13,1,10,6,8,2,1,0,1,2,2,7,3,0,1,0,0,0,1,1,0,1,2,0,0,1,0,0,0,0,1,1,1,0,2,0,1,4,0,0,0,0,1,1,0,2,0,0,3,0,0,0,0,0,3,0,2,0,0,0,0,0,0,0,0,0,4,0,0,0,1,0,0,0,0,4,0,0,0,0,0,0,0,0,0,0,0,0,0,0,0,0,0,0,0,0,0,1,0,0,0,0,0,0,0,0,0,0,0,0,0,0,0,0,0,0,0,0,0,0,0,0,0,0,0,0,0,0,0,0,0,0,0,1,0,0,0,0,0,0
516,516.5,15062.7,0.644495,23840,222,369,37,42,20,50,3,9,7,0,3,26,14,10,4,5,11,8,8,0,0,1,0,7,7,0,5,0,0,0,8,6,0,1,3,0,0,0,1,2,0,2,0,1,1,0,0,0,1,0,2,0,0,0,0,0,0,2,0,0,0,1,0,0,0,0,0,0,0,0,0,2,0,0,0,0,0,1,0,4,0,0,1,0,0,1,0,0,0,0,0,3,0,2,0,0,0,0,0,0,0,0,0,0,0,1,0,0,0,0,0,0,0,0,0,0,0,0,0,0,0,0,0,0,0,0,0,0,0,0,0,0,0,0,0,0,0,0,0,0,0,0,0,1,1,0,0,0,0,0,0,0
532,532.5,15277.5,0.645999,23840,47,228,24,43,14,38,6,4,7,3,5,5,6,6,7,3,5,2,1,0,1,2,2,2,2,0,2,1,0,0,0,0,0,0,0,1,0,0,1,0,0,0,2,1,1,3,1,0,0,0,4,0,0,2,0,0,1,0,0,0,0,0,0,0,0,0,2,0,0,0,0,0,0,1,0,0,0,0,0,0,1,0,0,0,0,0,0,0,1,0,1,0,0,0,0,1,0,0,0,0,0,0,0,0,0,0,0,1,0,1,0,0,0,0,0,0,0,0,0,0,0,0,0,0,0,0,0,0,0,0,0,0,0,0,0,0,0,0,0,0,0,1,0,0,0,0,0,0,0,0,0,0
548,548.5,15574.2,0.645999,23840,192,225,17,38,9,47,9,5,5,0,1,6,6,7,4,0,6,3,3,0,5,2,3,5,6,0,1,1,0,0,2,0,0,0,0,1,0,0,0,0,0,1,0,0,0,1,0,1,1,3,2,1,0,0,0,0,1,0,0,0,0,0,0,0,0,0,0,0,0,0,0,0,0,1,0,0,0,0,0,0,0,0,0,0,0,0,0,0,0,0,0,1,0,0,0,0,0,0,0,0,0,0,0,0,0,0,1,0,0,0,0,0,0,0,0,0,0,0,0,0,0,0,0,0,0,0,0,0,0,0,0,0,0,0,0,0,0,0,0,0,1,0,0,0,0,0,0,0,0,0,0,0
564,564.5,15900.6,0.717057,23840,64,203,12,40,9,36,4,3,14,3,1,8,9,10,5,3,0,2,2,0,0,2,4,5,3,0,0,0,0,0,1,1,0,0,0,3,0,3,0,0,0,0,0,0,0,0,1,0,0,2,1,0,0,2,0,0,0,0,0,0,0,0,0,0,0,0,0,0,1,0,0,0,0,0,0,0,0,0,0,0,0,0,0,0,0,0,0,0,0,0,0,0,2,1,0,0,0,1,0,0,0,0,0,0,0,0,2,0,0,0,0,0,0,0,0,0,0,0,0,0,0,0,0,0,0,0,0,0,0,0,0,0,0,0,0,0,0,0,0,0,0,0,0,0,0,0,0,0,0,0,0,0
580,580.5,16192.9,0.760379,23840,168,344,28,58,18,64,7,6,0,10,1,11,21,11,12,4,1,1,3,0,1,9,0,6,8,0,2,0,0,1,3,5,0,0,0,0,0,0,1,0,0,1,0,0,0,3,2,0,2,0,0,0,0,4,1,0,0,0,0,0,0,0,0,0,0,0,0,0,2,0,2,1,1,0,0,0,0,2,0,1,0,0,0,0,0,0,0,0,0,0,0,1,1,0,0,0,0,1,0,0,0,0,0,0,0,0,0,0,0,0,0,0,0,0,0,1,0,0,0,0,0,2,0,0,0,0,0,0,0,0,0,0,0,0,0,0,0,0,0,0,0,0,0,0,0,0,0,0,0,0,0,0
